{
"lengthUnit": "mil",
"remark": [],
"components": {
	"fields": ["COMPONENT_NO", "COMPONENT_NAME", "LAYER", "X_COORDINATE", "Y_COORDINATE", "ANGLE"],
	"rows": [
		[1, "D1", "T", 1075, -590, 90],
		[2, "D2", "T", 1075, -1350, 90],
		[3, "D3", "T", 1835, -590, 90],
		[4, "D4", "T", 1835, -1325, 90],
		[5, "D5", "T", 2590, -590, 90],
		[6, "D6", "T", 2590, -1360, 90],
		[7, "D7", "T", 3045, -1555, 180],
		[8, "KEY1", "T", 670, -465, 0],
		[9, "KEY2", "T", 1430, -465, 0],
		[10, "KEY3", "T", 2190, -465, 0],
		[11, "KEY4", "T", 670, -1225, 0],
		[12, "KEY5", "T", 1430, -1225, 0],
		[13, "KEY6", "T", 2190, -1225, 0],
		[14, "SW1", "T", 3055, -1060, 180],
		[15, "U1", "B", 3055, -645, 180],
		[16, "PAD1", "T", 1075, -761.26, 0],
		[17, "PAD1", "B", 1075, -761.26, 0],
		[18, "PAD2", "T", 1075, -418.74, 0],
		[19, "PAD2", "B", 1075, -418.74, 0],
		[20, "PAD3", "T", 1075, -1521.26, 0],
		[21, "PAD3", "B", 1075, -1521.26, 0],
		[22, "PAD4", "T", 1075, -1178.74, 0],
		[23, "PAD4", "B", 1075, -1178.74, 0],
		[24, "PAD5", "T", 1835, -761.26, 0],
		[25, "PAD5", "B", 1835, -761.26, 0],
		[26, "PAD6", "T", 1835, -418.74, 0],
		[27, "PAD6", "B", 1835, -418.74, 0],
		[28, "PAD7", "T", 1835, -1496.26, 0],
		[29, "PAD7", "B", 1835, -1496.26, 0],
		[30, "PAD8", "T", 1835, -1153.74, 0],
		[31, "PAD8", "B", 1835, -1153.74, 0],
		[32, "PAD9", "T", 2590, -761.26, 0],
		[33, "PAD9", "B", 2590, -761.26, 0],
		[34, "PAD10", "T", 2590, -418.74, 0],
		[35, "PAD10", "B", 2590, -418.74, 0],
		[36, "PAD11", "T", 2590, -1531.26, 0],
		[37, "PAD11", "B", 2590, -1531.26, 0],
		[38, "PAD12", "T", 2590, -1188.74, 0],
		[39, "PAD12", "B", 2590, -1188.74, 0],
		[40, "PAD13", "T", 3216.26, -1555, 0],
		[41, "PAD13", "B", 3216.26, -1555, 0],
		[42, "PAD14", "T", 2873.74, -1555, 0],
		[43, "PAD14", "B", 2873.74, -1555, 0],
		[44, "PAD15", "T", 794.805, -415, 0],
		[45, "PAD15", "B", 794.805, -415, 0],
		[46, "PAD16", "T", 545.195, -515, 0],
		[47, "PAD16", "B", 545.195, -515, 0],
		[48, "PAD17", "T", 1554.805, -415, 0],
		[49, "PAD17", "B", 1554.805, -415, 0],
		[50, "PAD18", "T", 1305.195, -515, 0],
		[51, "PAD18", "B", 1305.195, -515, 0],
		[52, "PAD19", "T", 2314.805, -415, 0],
		[53, "PAD19", "B", 2314.805, -415, 0],
		[54, "PAD20", "T", 2065.195, -515, 0],
		[55, "PAD20", "B", 2065.195, -515, 0],
		[56, "PAD21", "T", 794.805, -1175, 0],
		[57, "PAD21", "B", 794.805, -1175, 0],
		[58, "PAD22", "T", 545.195, -1275, 0],
		[59, "PAD22", "B", 545.195, -1275, 0],
		[60, "PAD23", "T", 1554.805, -1175, 0],
		[61, "PAD23", "B", 1554.805, -1175, 0],
		[62, "PAD24", "T", 1305.195, -1275, 0],
		[63, "PAD24", "B", 1305.195, -1275, 0],
		[64, "PAD25", "T", 2314.805, -1175, 0],
		[65, "PAD25", "B", 2314.805, -1175, 0],
		[66, "PAD26", "T", 2065.195, -1275, 0],
		[67, "PAD26", "B", 2065.195, -1275, 0],
		[68, "PAD27", "T", 3155.005, -774.565, 0],
		[69, "PAD27", "B", 3155.005, -774.565, 0],
		[70, "PAD28", "T", 3055.005, -774.565, 0],
		[71, "PAD28", "B", 3055.005, -774.565, 0],
		[72, "PAD29", "T", 2955.005, -774.565, 0],
		[73, "PAD29", "B", 2955.005, -774.565, 0],
		[74, "PAD30", "T", 3155.005, -1345.435, 0],
		[75, "PAD30", "B", 3155.005, -1345.435, 0],
		[76, "PAD31", "T", 2955.005, -1345.435, 0],
		[77, "PAD31", "B", 2955.005, -1345.435, 0],
		[78, "PAD32", "B", 3372.5197, -345, 0],
		[79, "PAD33", "T", 3355, -345, 0],
		[80, "PAD33", "B", 3355, -345, 0],
		[81, "PAD34", "B", 3372.5197, -545, 0],
		[82, "PAD35", "T", 3355, -545, 0],
		[83, "PAD35", "B", 3355, -545, 0],
		[84, "PAD36", "B", 3372.5197, -645, 0],
		[85, "PAD37", "T", 3355, -645, 0],
		[86, "PAD37", "B", 3355, -645, 0],
		[87, "PAD38", "B", 3372.5197, -745, 0],
		[88, "PAD39", "T", 3355, -745, 0],
		[89, "PAD39", "B", 3355, -745, 0],
		[90, "PAD40", "B", 3372.5197, -845, 0],
		[91, "PAD41", "T", 3355, -845, 0],
		[92, "PAD41", "B", 3355, -845, 0],
		[93, "PAD42", "B", 3372.5197, -945, 0],
		[94, "PAD43", "T", 3355, -945, 0],
		[95, "PAD43", "B", 3355, -945, 0],
		[96, "PAD44", "T", 2755, -945, 0],
		[97, "PAD44", "B", 2755, -945, 0],
		[98, "PAD45", "B", 2736.1024, -945, 0]
	]
},
"pins": {
	"fields": ["PIN_NO", "PIN_NAME", "PIN_X", "PIN_Y", "LAYER", "PIN_TYPE", "NET_NAME", "NET_TYPE", "PAD_SHAPE", "PAD_SIZEX", "PAD_SIZEY", "HOLE_SIZE", "HOLE_LEN", "PAD_ANGLE"],
	"rows": [
		[1, "D1_1", 1075, -761.26, "T", "DIP", "ROW1", "", "C", 70.866, 70.866, 39.37, 39.37, 90],
		[2, "D1_1", 1075, -761.26, "B", "DIP", "ROW1", "", "C", 70.866, 70.866, 39.37, 39.37, 90],
		[3, "D1_2", 1075, -418.74, "T", "DIP", "$1N629", "", "C", 70.866, 70.866, 39.37, 39.37, 90],
		[4, "D1_2", 1075, -418.74, "B", "DIP", "$1N629", "", "C", 70.866, 70.866, 39.37, 39.37, 90],
		[5, "D2_1", 1075, -1521.26, "T", "DIP", "ROW1", "", "C", 70.866, 70.866, 39.37, 39.37, 90],
		[6, "D2_1", 1075, -1521.26, "B", "DIP", "ROW1", "", "C", 70.866, 70.866, 39.37, 39.37, 90],
		[7, "D2_2", 1075, -1178.74, "T", "DIP", "$1N654", "", "C", 70.866, 70.866, 39.37, 39.37, 90],
		[8, "D2_2", 1075, -1178.74, "B", "DIP", "$1N654", "", "C", 70.866, 70.866, 39.37, 39.37, 90],
		[9, "D3_1", 1835, -761.26, "T", "DIP", "ROW2", "", "C", 70.866, 70.866, 39.37, 39.37, 90],
		[10, "D3_1", 1835, -761.26, "B", "DIP", "ROW2", "", "C", 70.866, 70.866, 39.37, 39.37, 90],
		[11, "D3_2", 1835, -418.74, "T", "DIP", "$1N679", "", "C", 70.866, 70.866, 39.37, 39.37, 90],
		[12, "D3_2", 1835, -418.74, "B", "DIP", "$1N679", "", "C", 70.866, 70.866, 39.37, 39.37, 90],
		[13, "D4_1", 1835, -1496.26, "T", "DIP", "ROW2", "", "C", 70.866, 70.866, 39.37, 39.37, 90],
		[14, "D4_1", 1835, -1496.26, "B", "DIP", "ROW2", "", "C", 70.866, 70.866, 39.37, 39.37, 90],
		[15, "D4_2", 1835, -1153.74, "T", "DIP", "$1N704", "", "C", 70.866, 70.866, 39.37, 39.37, 90],
		[16, "D4_2", 1835, -1153.74, "B", "DIP", "$1N704", "", "C", 70.866, 70.866, 39.37, 39.37, 90],
		[17, "D5_1", 2590, -761.26, "T", "DIP", "ROW3", "", "C", 70.866, 70.866, 39.37, 39.37, 90],
		[18, "D5_1", 2590, -761.26, "B", "DIP", "ROW3", "", "C", 70.866, 70.866, 39.37, 39.37, 90],
		[19, "D5_2", 2590, -418.74, "T", "DIP", "$1N729", "", "C", 70.866, 70.866, 39.37, 39.37, 90],
		[20, "D5_2", 2590, -418.74, "B", "DIP", "$1N729", "", "C", 70.866, 70.866, 39.37, 39.37, 90],
		[21, "D6_1", 2590, -1531.26, "T", "DIP", "ROW3", "", "C", 70.866, 70.866, 39.37, 39.37, 90],
		[22, "D6_1", 2590, -1531.26, "B", "DIP", "ROW3", "", "C", 70.866, 70.866, 39.37, 39.37, 90],
		[23, "D6_2", 2590, -1188.74, "T", "DIP", "$1N754", "", "C", 70.866, 70.866, 39.37, 39.37, 90],
		[24, "D6_2", 2590, -1188.74, "B", "DIP", "$1N754", "", "C", 70.866, 70.866, 39.37, 39.37, 90],
		[25, "D7_1", 3216.26, -1555, "T", "DIP", "ROW4", "", "C", 70.866, 70.866, 39.37, 39.37, 180],
		[26, "D7_1", 3216.26, -1555, "B", "DIP", "ROW4", "", "C", 70.866, 70.866, 39.37, 39.37, 180],
		[27, "D7_2", 2873.74, -1555, "T", "DIP", "$1N1124", "", "C", 70.866, 70.866, 39.37, 39.37, 180],
		[28, "D7_2", 2873.74, -1555, "B", "DIP", "$1N1124", "", "C", 70.866, 70.866, 39.37, 39.37, 180],
		[29, "KEY1_1", 545.195, -515, "T", "DIP", "COL1", "", "C", 70.866, 70.866, 47.244, 47.244, 0],
		[30, "KEY1_1", 545.195, -515, "B", "DIP", "COL1", "", "C", 70.866, 70.866, 47.244, 47.244, 0],
		[31, "KEY1_2", 794.805, -415, "T", "DIP", "$1N629", "", "C", 70.866, 70.866, 47.244, 47.244, 0],
		[32, "KEY1_2", 794.805, -415, "B", "DIP", "$1N629", "", "C", 70.866, 70.866, 47.244, 47.244, 0],
		[33, "KEY2_1", 1305.195, -515, "T", "DIP", "COL1", "", "C", 70.866, 70.866, 47.244, 47.244, 0],
		[34, "KEY2_1", 1305.195, -515, "B", "DIP", "COL1", "", "C", 70.866, 70.866, 47.244, 47.244, 0],
		[35, "KEY2_2", 1554.805, -415, "T", "DIP", "$1N679", "", "C", 70.866, 70.866, 47.244, 47.244, 0],
		[36, "KEY2_2", 1554.805, -415, "B", "DIP", "$1N679", "", "C", 70.866, 70.866, 47.244, 47.244, 0],
		[37, "KEY3_1", 2065.195, -515, "T", "DIP", "COL1", "", "C", 70.866, 70.866, 47.244, 47.244, 0],
		[38, "KEY3_1", 2065.195, -515, "B", "DIP", "COL1", "", "C", 70.866, 70.866, 47.244, 47.244, 0],
		[39, "KEY3_2", 2314.805, -415, "T", "DIP", "$1N729", "", "C", 70.866, 70.866, 47.244, 47.244, 0],
		[40, "KEY3_2", 2314.805, -415, "B", "DIP", "$1N729", "", "C", 70.866, 70.866, 47.244, 47.244, 0],
		[41, "KEY4_1", 545.195, -1275, "T", "DIP", "COL2", "", "C", 70.866, 70.866, 47.244, 47.244, 0],
		[42, "KEY4_1", 545.195, -1275, "B", "DIP", "COL2", "", "C", 70.866, 70.866, 47.244, 47.244, 0],
		[43, "KEY4_2", 794.805, -1175, "T", "DIP", "$1N654", "", "C", 70.866, 70.866, 47.244, 47.244, 0],
		[44, "KEY4_2", 794.805, -1175, "B", "DIP", "$1N654", "", "C", 70.866, 70.866, 47.244, 47.244, 0],
		[45, "KEY5_1", 1305.195, -1275, "T", "DIP", "COL2", "", "C", 70.866, 70.866, 47.244, 47.244, 0],
		[46, "KEY5_1", 1305.195, -1275, "B", "DIP", "COL2", "", "C", 70.866, 70.866, 47.244, 47.244, 0],
		[47, "KEY5_2", 1554.805, -1175, "T", "DIP", "$1N704", "", "C", 70.866, 70.866, 47.244, 47.244, 0],
		[48, "KEY5_2", 1554.805, -1175, "B", "DIP", "$1N704", "", "C", 70.866, 70.866, 47.244, 47.244, 0],
		[49, "KEY6_1", 2065.195, -1275, "T", "DIP", "COL2", "", "C", 70.866, 70.866, 47.244, 47.244, 0],
		[50, "KEY6_1", 2065.195, -1275, "B", "DIP", "COL2", "", "C", 70.866, 70.866, 47.244, 47.244, 0],
		[51, "KEY6_2", 2314.805, -1175, "T", "DIP", "$1N754", "", "C", 70.866, 70.866, 47.244, 47.244, 0],
		[52, "KEY6_2", 2314.805, -1175, "B", "DIP", "$1N754", "", "C", 70.866, 70.866, 47.244, 47.244, 0],
		[53, "SW1_6", 2838.465, -1069.845, "T", "DIP", "NET_1", "", "O", 157.48, 90.551, 59.056, 118.11, 270],
		[54, "SW1_6", 2838.465, -1069.845, "B", "DIP", "NET_1", "", "O", 157.48, 90.551, 59.056, 118.11, 270],
		[55, "SW1_7", 3271.535, -1069.845, "T", "DIP", "NET_2", "", "O", 157.48, 90.551, 59.056, 118.11, 270],
		[56, "SW1_7", 3271.535, -1069.845, "B", "DIP", "NET_2", "", "O", 157.48, 90.551, 59.056, 118.11, 270],
		[57, "SW1_A", 3155.005, -774.565, "T", "DIP", "CE1", "", "C", 70.866, 70.866, 51.182, 51.182, 180],
		[58, "SW1_A", 3155.005, -774.565, "B", "DIP", "CE1", "", "C", 70.866, 70.866, 51.182, 51.182, 180],
		[59, "SW1_B", 2955.005, -774.565, "T", "DIP", "CE2", "", "C", 70.866, 70.866, 51.182, 51.182, 180],
		[60, "SW1_B", 2955.005, -774.565, "B", "DIP", "CE2", "", "C", 70.866, 70.866, 51.182, 51.182, 180],
		[61, "SW1_C", 3055.005, -774.565, "T", "DIP", "GND", "GND", "C", 70.866, 70.866, 51.182, 51.182, 180],
		[62, "SW1_C", 3055.005, -774.565, "B", "DIP", "GND", "GND", "C", 70.866, 70.866, 51.182, 51.182, 180],
		[63, "SW1_D", 3155.005, -1345.435, "T", "DIP", "COL1", "", "C", 70.866, 70.866, 51.182, 51.182, 180],
		[64, "SW1_D", 3155.005, -1345.435, "B", "DIP", "COL1", "", "C", 70.866, 70.866, 51.182, 51.182, 180],
		[65, "SW1_E", 2955.005, -1345.435, "T", "DIP", "$1N1124", "", "C", 70.866, 70.866, 51.182, 51.182, 180],
		[66, "SW1_E", 2955.005, -1345.435, "B", "DIP", "$1N1124", "", "C", 70.866, 70.866, 51.182, 51.182, 180],
		[67, "U1_1", 3372.5197, -345, "B", "SMD", "COL2", "", "R", 108.2677, 78.7402, 0, 0, 180],
		[68, "U1_1", 3355, -345, "T", "DIP", "COL2", "", "R", 62.9921, 62.9921, 39.3701, 39.3701, 90],
		[69, "U1_1", 3355, -345, "B", "DIP", "COL2", "", "R", 62.9921, 62.9921, 39.3701, 39.3701, 90],
		[70, "U1_2", 3372.5197, -445, "B", "SMD", "NET_3", "", "R", 108.2677, 78.7402, 0, 0, 180],
		[71, "U1_2", 3355, -445, "T", "DIP", "NET_4", "", "C", 62.9921, 62.9921, 39.3701, 39.3701, 90],
		[72, "U1_2", 3355, -445, "B", "DIP", "NET_4", "", "C", 62.9921, 62.9921, 39.3701, 39.3701, 90],
		[73, "U1_3", 3372.5197, -545, "B", "SMD", "ROW1", "", "R", 108.2677, 78.7402, 0, 0, 180],
		[74, "U1_3", 3355, -545, "T", "DIP", "ROW1", "", "C", 62.9921, 62.9921, 39.3701, 39.3701, 90],
		[75, "U1_3", 3355, -545, "B", "DIP", "ROW1", "", "C", 62.9921, 62.9921, 39.3701, 39.3701, 90],
		[76, "U1_4", 3372.5197, -645, "B", "SMD", "ROW2", "", "R", 108.2677, 78.7402, 0, 0, 180],
		[77, "U1_4", 3355, -645, "T", "DIP", "ROW2", "", "C", 62.9921, 62.9921, 39.3701, 39.3701, 90],
		[78, "U1_4", 3355, -645, "B", "DIP", "ROW2", "", "C", 62.9921, 62.9921, 39.3701, 39.3701, 90],
		[79, "U1_5", 3372.5197, -745, "B", "SMD", "ROW3", "", "R", 108.2677, 78.7402, 0, 0, 180],
		[80, "U1_5", 3355, -745, "T", "DIP", "ROW3", "", "C", 62.9921, 62.9921, 39.3701, 39.3701, 90],
		[81, "U1_5", 3355, -745, "B", "DIP", "ROW3", "", "C", 62.9921, 62.9921, 39.3701, 39.3701, 90],
		[82, "U1_6", 3372.5197, -845, "B", "SMD", "ROW4", "", "R", 108.2677, 78.7402, 0, 0, 180],
		[83, "U1_6", 3355, -845, "T", "DIP", "ROW4", "", "C", 62.9921, 62.9921, 39.3701, 39.3701, 90],
		[84, "U1_6", 3355, -845, "B", "DIP", "ROW4", "", "C", 62.9921, 62.9921, 39.3701, 39.3701, 90],
		[85, "U1_7", 3372.5197, -945, "B", "SMD", "CE2", "", "R", 108.2677, 78.7402, 0, 0, 180],
		[86, "U1_7", 3355, -945, "T", "DIP", "CE2", "", "C", 62.9921, 62.9921, 39.3701, 39.3701, 90],
		[87, "U1_7", 3355, -945, "B", "DIP", "CE2", "", "C", 62.9921, 62.9921, 39.3701, 39.3701, 90],
		[88, "U1_8", 2755, -945, "T", "DIP", "CE1", "", "C", 62.9921, 62.9921, 39.3701, 39.3701, 90],
		[89, "U1_8", 2755, -945, "B", "DIP", "CE1", "", "C", 62.9921, 62.9921, 39.3701, 39.3701, 90],
		[90, "U1_8", 2736.1024, -945, "B", "SMD", "CE1", "", "R", 108.2677, 78.7402, 0, 0, 180],
		[91, "U1_9", 2755, -845, "T", "DIP", "NET_5", "", "C", 62.9921, 62.9921, 39.3701, 39.3701, 90],
		[92, "U1_9", 2755, -845, "B", "DIP", "NET_5", "", "C", 62.9921, 62.9921, 39.3701, 39.3701, 90],
		[93, "U1_9", 2736.1024, -845, "B", "SMD", "NET_6", "", "R", 108.2677, 78.7402, 0, 0, 180],
		[94, "U1_10", 2755, -745, "T", "DIP", "NET_7", "", "C", 62.9921, 62.9921, 39.3701, 39.3701, 90],
		[95, "U1_10", 2755, -745, "B", "DIP", "NET_7", "", "C", 62.9921, 62.9921, 39.3701, 39.3701, 90],
		[96, "U1_10", 2736.1024, -745, "B", "SMD", "NET_8", "", "R", 108.2677, 78.7402, 0, 0, 180],
		[97, "U1_11", 2755, -645, "T", "DIP", "NET_9", "", "C", 62.9921, 62.9921, 39.3701, 39.3701, 90],
		[98, "U1_11", 2755, -645, "B", "DIP", "NET_9", "", "C", 62.9921, 62.9921, 39.3701, 39.3701, 90],
		[99, "U1_11", 2736.1024, -645, "B", "SMD", "NET_10", "", "R", 108.2677, 78.7402, 0, 0, 180],
		[100, "U1_12", 2755, -545, "T", "DIP", "NET_11", "", "C", 62.9921, 62.9921, 39.3701, 39.3701, 90],
		[101, "U1_12", 2755, -545, "B", "DIP", "NET_11", "", "C", 62.9921, 62.9921, 39.3701, 39.3701, 90],
		[102, "U1_12", 2736.1024, -545, "B", "SMD", "NET_12", "", "R", 108.2677, 78.7402, 0, 0, 180],
		[103, "U1_13", 2755, -445, "T", "DIP", "NET_13", "", "C", 62.9921, 62.9921, 39.3701, 39.3701, 90],
		[104, "U1_13", 2755, -445, "B", "DIP", "NET_13", "", "C", 62.9921, 62.9921, 39.3701, 39.3701, 90],
		[105, "U1_13", 2736.1024, -445, "B", "SMD", "NET_14", "", "R", 108.2677, 78.7402, 0, 0, 180],
		[106, "U1_14", 2755, -345, "T", "DIP", "NET_15", "", "C", 62.9921, 62.9921, 39.3701, 39.3701, 90],
		[107, "U1_14", 2755, -345, "B", "DIP", "NET_15", "", "C", 62.9921, 62.9921, 39.3701, 39.3701, 90],
		[108, "U1_14", 2736.1024, -345, "B", "SMD", "NET_16", "", "R", 108.2677, 78.7402, 0, 0, 180],
		[109, "PAD1_1", 1075, -761.26, "T", "DIP", "ROW1", "", "C", 70.866, 70.866, 39.37, 39.37, 90],
		[110, "PAD1_1", 1075, -761.26, "B", "DIP", "ROW1", "", "C", 70.866, 70.866, 39.37, 39.37, 90],
		[111, "PAD2_2", 1075, -418.74, "T", "DIP", "$1N629", "", "C", 70.866, 70.866, 39.37, 39.37, 90],
		[112, "PAD2_2", 1075, -418.74, "B", "DIP", "$1N629", "", "C", 70.866, 70.866, 39.37, 39.37, 90],
		[113, "PAD3_1", 1075, -1521.26, "T", "DIP", "ROW1", "", "C", 70.866, 70.866, 39.37, 39.37, 90],
		[114, "PAD3_1", 1075, -1521.26, "B", "DIP", "ROW1", "", "C", 70.866, 70.866, 39.37, 39.37, 90],
		[115, "PAD4_2", 1075, -1178.74, "T", "DIP", "$1N654", "", "C", 70.866, 70.866, 39.37, 39.37, 90],
		[116, "PAD4_2", 1075, -1178.74, "B", "DIP", "$1N654", "", "C", 70.866, 70.866, 39.37, 39.37, 90],
		[117, "PAD5_1", 1835, -761.26, "T", "DIP", "ROW2", "", "C", 70.866, 70.866, 39.37, 39.37, 90],
		[118, "PAD5_1", 1835, -761.26, "B", "DIP", "ROW2", "", "C", 70.866, 70.866, 39.37, 39.37, 90],
		[119, "PAD6_2", 1835, -418.74, "T", "DIP", "$1N679", "", "C", 70.866, 70.866, 39.37, 39.37, 90],
		[120, "PAD6_2", 1835, -418.74, "B", "DIP", "$1N679", "", "C", 70.866, 70.866, 39.37, 39.37, 90],
		[121, "PAD7_1", 1835, -1496.26, "T", "DIP", "ROW2", "", "C", 70.866, 70.866, 39.37, 39.37, 90],
		[122, "PAD7_1", 1835, -1496.26, "B", "DIP", "ROW2", "", "C", 70.866, 70.866, 39.37, 39.37, 90],
		[123, "PAD8_2", 1835, -1153.74, "T", "DIP", "$1N704", "", "C", 70.866, 70.866, 39.37, 39.37, 90],
		[124, "PAD8_2", 1835, -1153.74, "B", "DIP", "$1N704", "", "C", 70.866, 70.866, 39.37, 39.37, 90],
		[125, "PAD9_1", 2590, -761.26, "T", "DIP", "ROW3", "", "C", 70.866, 70.866, 39.37, 39.37, 90],
		[126, "PAD9_1", 2590, -761.26, "B", "DIP", "ROW3", "", "C", 70.866, 70.866, 39.37, 39.37, 90],
		[127, "PAD10_2", 2590, -418.74, "T", "DIP", "$1N729", "", "C", 70.866, 70.866, 39.37, 39.37, 90],
		[128, "PAD10_2", 2590, -418.74, "B", "DIP", "$1N729", "", "C", 70.866, 70.866, 39.37, 39.37, 90],
		[129, "PAD11_1", 2590, -1531.26, "T", "DIP", "ROW3", "", "C", 70.866, 70.866, 39.37, 39.37, 90],
		[130, "PAD11_1", 2590, -1531.26, "B", "DIP", "ROW3", "", "C", 70.866, 70.866, 39.37, 39.37, 90],
		[131, "PAD12_2", 2590, -1188.74, "T", "DIP", "$1N754", "", "C", 70.866, 70.866, 39.37, 39.37, 90],
		[132, "PAD12_2", 2590, -1188.74, "B", "DIP", "$1N754", "", "C", 70.866, 70.866, 39.37, 39.37, 90],
		[133, "PAD13_1", 3216.26, -1555, "T", "DIP", "ROW4", "", "C", 70.866, 70.866, 39.37, 39.37, 180],
		[134, "PAD13_1", 3216.26, -1555, "B", "DIP", "ROW4", "", "C", 70.866, 70.866, 39.37, 39.37, 180],
		[135, "PAD14_2", 2873.74, -1555, "T", "DIP", "$1N1124", "", "C", 70.866, 70.866, 39.37, 39.37, 180],
		[136, "PAD14_2", 2873.74, -1555, "B", "DIP", "$1N1124", "", "C", 70.866, 70.866, 39.37, 39.37, 180],
		[137, "PAD15_2", 794.805, -415, "T", "DIP", "$1N629", "", "C", 70.866, 70.866, 47.244, 47.244, 0],
		[138, "PAD15_2", 794.805, -415, "B", "DIP", "$1N629", "", "C", 70.866, 70.866, 47.244, 47.244, 0],
		[139, "PAD16_1", 545.195, -515, "T", "DIP", "COL1", "", "C", 70.866, 70.866, 47.244, 47.244, 0],
		[140, "PAD16_1", 545.195, -515, "B", "DIP", "COL1", "", "C", 70.866, 70.866, 47.244, 47.244, 0],
		[141, "PAD17_2", 1554.805, -415, "T", "DIP", "$1N679", "", "C", 70.866, 70.866, 47.244, 47.244, 0],
		[142, "PAD17_2", 1554.805, -415, "B", "DIP", "$1N679", "", "C", 70.866, 70.866, 47.244, 47.244, 0],
		[143, "PAD18_1", 1305.195, -515, "T", "DIP", "COL1", "", "C", 70.866, 70.866, 47.244, 47.244, 0],
		[144, "PAD18_1", 1305.195, -515, "B", "DIP", "COL1", "", "C", 70.866, 70.866, 47.244, 47.244, 0],
		[145, "PAD19_2", 2314.805, -415, "T", "DIP", "$1N729", "", "C", 70.866, 70.866, 47.244, 47.244, 0],
		[146, "PAD19_2", 2314.805, -415, "B", "DIP", "$1N729", "", "C", 70.866, 70.866, 47.244, 47.244, 0],
		[147, "PAD20_1", 2065.195, -515, "T", "DIP", "COL1", "", "C", 70.866, 70.866, 47.244, 47.244, 0],
		[148, "PAD20_1", 2065.195, -515, "B", "DIP", "COL1", "", "C", 70.866, 70.866, 47.244, 47.244, 0],
		[149, "PAD21_2", 794.805, -1175, "T", "DIP", "$1N654", "", "C", 70.866, 70.866, 47.244, 47.244, 0],
		[150, "PAD21_2", 794.805, -1175, "B", "DIP", "$1N654", "", "C", 70.866, 70.866, 47.244, 47.244, 0],
		[151, "PAD22_1", 545.195, -1275, "T", "DIP", "COL2", "", "C", 70.866, 70.866, 47.244, 47.244, 0],
		[152, "PAD22_1", 545.195, -1275, "B", "DIP", "COL2", "", "C", 70.866, 70.866, 47.244, 47.244, 0],
		[153, "PAD23_2", 1554.805, -1175, "T", "DIP", "$1N704", "", "C", 70.866, 70.866, 47.244, 47.244, 0],
		[154, "PAD23_2", 1554.805, -1175, "B", "DIP", "$1N704", "", "C", 70.866, 70.866, 47.244, 47.244, 0],
		[155, "PAD24_1", 1305.195, -1275, "T", "DIP", "COL2", "", "C", 70.866, 70.866, 47.244, 47.244, 0],
		[156, "PAD24_1", 1305.195, -1275, "B", "DIP", "COL2", "", "C", 70.866, 70.866, 47.244, 47.244, 0],
		[157, "PAD25_2", 2314.805, -1175, "T", "DIP", "$1N754", "", "C", 70.866, 70.866, 47.244, 47.244, 0],
		[158, "PAD25_2", 2314.805, -1175, "B", "DIP", "$1N754", "", "C", 70.866, 70.866, 47.244, 47.244, 0],
		[159, "PAD26_1", 2065.195, -1275, "T", "DIP", "COL2", "", "C", 70.866, 70.866, 47.244, 47.244, 0],
		[160, "PAD26_1", 2065.195, -1275, "B", "DIP", "COL2", "", "C", 70.866, 70.866, 47.244, 47.244, 0],
		[161, "PAD27_A", 3155.005, -774.565, "T", "DIP", "CE1", "", "C", 70.866, 70.866, 51.182, 51.182, 180],
		[162, "PAD27_A", 3155.005, -774.565, "B", "DIP", "CE1", "", "C", 70.866, 70.866, 51.182, 51.182, 180],
		[163, "PAD28_C", 3055.005, -774.565, "T", "DIP", "GND", "GND", "C", 70.866, 70.866, 51.182, 51.182, 180],
		[164, "PAD28_C", 3055.005, -774.565, "B", "DIP", "GND", "GND", "C", 70.866, 70.866, 51.182, 51.182, 180],
		[165, "PAD29_B", 2955.005, -774.565, "T", "DIP", "CE2", "", "C", 70.866, 70.866, 51.182, 51.182, 180],
		[166, "PAD29_B", 2955.005, -774.565, "B", "DIP", "CE2", "", "C", 70.866, 70.866, 51.182, 51.182, 180],
		[167, "PAD30_D", 3155.005, -1345.435, "T", "DIP", "COL1", "", "C", 70.866, 70.866, 51.182, 51.182, 180],
		[168, "PAD30_D", 3155.005, -1345.435, "B", "DIP", "COL1", "", "C", 70.866, 70.866, 51.182, 51.182, 180],
		[169, "PAD31_E", 2955.005, -1345.435, "T", "DIP", "$1N1124", "", "C", 70.866, 70.866, 51.182, 51.182, 180],
		[170, "PAD31_E", 2955.005, -1345.435, "B", "DIP", "$1N1124", "", "C", 70.866, 70.866, 51.182, 51.182, 180],
		[171, "PAD32_1", 3372.5197, -345, "B", "SMD", "COL2", "", "R", 108.2677, 78.7402, 0, 0, 180],
		[172, "PAD33_1", 3355, -345, "T", "DIP", "COL2", "", "R", 62.9921, 62.9921, 39.3701, 39.3701, 90],
		[173, "PAD33_1", 3355, -345, "B", "DIP", "COL2", "", "R", 62.9921, 62.9921, 39.3701, 39.3701, 90],
		[174, "PAD34_3", 3372.5197, -545, "B", "SMD", "ROW1", "", "R", 108.2677, 78.7402, 0, 0, 180],
		[175, "PAD35_3", 3355, -545, "T", "DIP", "ROW1", "", "C", 62.9921, 62.9921, 39.3701, 39.3701, 90],
		[176, "PAD35_3", 3355, -545, "B", "DIP", "ROW1", "", "C", 62.9921, 62.9921, 39.3701, 39.3701, 90],
		[177, "PAD36_4", 3372.5197, -645, "B", "SMD", "ROW2", "", "R", 108.2677, 78.7402, 0, 0, 180],
		[178, "PAD37_4", 3355, -645, "T", "DIP", "ROW2", "", "C", 62.9921, 62.9921, 39.3701, 39.3701, 90],
		[179, "PAD37_4", 3355, -645, "B", "DIP", "ROW2", "", "C", 62.9921, 62.9921, 39.3701, 39.3701, 90],
		[180, "PAD38_5", 3372.5197, -745, "B", "SMD", "ROW3", "", "R", 108.2677, 78.7402, 0, 0, 180],
		[181, "PAD39_5", 3355, -745, "T", "DIP", "ROW3", "", "C", 62.9921, 62.9921, 39.3701, 39.3701, 90],
		[182, "PAD39_5", 3355, -745, "B", "DIP", "ROW3", "", "C", 62.9921, 62.9921, 39.3701, 39.3701, 90],
		[183, "PAD40_6", 3372.5197, -845, "B", "SMD", "ROW4", "", "R", 108.2677, 78.7402, 0, 0, 180],
		[184, "PAD41_6", 3355, -845, "T", "DIP", "ROW4", "", "C", 62.9921, 62.9921, 39.3701, 39.3701, 90],
		[185, "PAD41_6", 3355, -845, "B", "DIP", "ROW4", "", "C", 62.9921, 62.9921, 39.3701, 39.3701, 90],
		[186, "PAD42_7", 3372.5197, -945, "B", "SMD", "CE2", "", "R", 108.2677, 78.7402, 0, 0, 180],
		[187, "PAD43_7", 3355, -945, "T", "DIP", "CE2", "", "C", 62.9921, 62.9921, 39.3701, 39.3701, 90],
		[188, "PAD43_7", 3355, -945, "B", "DIP", "CE2", "", "C", 62.9921, 62.9921, 39.3701, 39.3701, 90],
		[189, "PAD44_8", 2755, -945, "T", "DIP", "CE1", "", "C", 62.9921, 62.9921, 39.3701, 39.3701, 90],
		[190, "PAD44_8", 2755, -945, "B", "DIP", "CE1", "", "C", 62.9921, 62.9921, 39.3701, 39.3701, 90],
		[191, "PAD45_8", 2736.1024, -945, "B", "SMD", "CE1", "", "R", 108.2677, 78.7402, 0, 0, 180]
	]
}
}